{"weight_ratio": 0.0, "relative_density": 0.9496176293619828, "normal_error": {}, "normal_vector": {}, "Nsheets": 0, "volume": 412779.4205339837, "cross_link_bonds": 0.9135294117647059}
