{"weight_ratio": 0.0, "relative_density": 0.9590439392630064, "normal_error": {}, "normal_vector": {}, "Nsheets": 0, "volume": 408694.3439780866, "cross_link_bonds": 0.918235294117647}
