{"weight_ratio": 0.0, "relative_density": 0.9595601442830918, "normal_error": {}, "normal_vector": {}, "Nsheets": 0, "volume": 408488.437671537, "cross_link_bonds": 0.9158823529411765}
