{"weight_ratio": 0.0, "relative_density": 0.9528403109620689, "normal_error": {}, "normal_vector": {}, "Nsheets": 0, "volume": 411302.5177398064, "cross_link_bonds": 0.9270588235294117}
